original_question,perturbed_question,perturbation_method,original_density,perturbed_density,original_centrality,perturbed_centrality,density_change,centrality_change,answer,judge_label,is_hallucinated,judge_confidence,judge_justification
What is the main ingredient in pizza?,What is the main ingredient in pizza? (Note: Some historians dispute this.),confusing,1.4512781668818775,1.405574960055298,0.7974972982837298,0.7668039801351058,-0.04570320682657947,-0.030693318148624082,"The main ingredient in pizza is typically considered to be the dough, which is made from flour, water, yeast, and salt. The dough serves as the base for the pizza. However, some historians and culinary experts might argue that the sauce, cheese, or toppings could also be seen as key components, depending on the type of pizza being discussed. Overall, while the dough is often regarded as the foundational element, the specific interpretation can vary.",0,0,0.9,"The model's answer correctly identifies dough as the main ingredient in pizza, aligning with established knowledge, despite acknowledging some historical disputes."
What is the main ingredient in pizza?,Which Entity is the main ingredient in pizza?,synonyms,1.4512781668818775,1.381137980706212,0.7974972982837298,0.7435129524279442,-0.07014018617566542,-0.0539843458557856,"The main ingredient in pizza is typically the dough, which is made from flour, water, yeast, and salt. Once the dough is prepared, it is topped with sauce, cheese, and various other toppings. However, the dough itself serves as the foundation of the pizza.",0,0,1.0,"The model's answer correctly identifies dough as the main ingredient in pizza, which aligns with established knowledge."
What is the main ingredient in pizza?,What from a contemporary perspective is the main ingredient in pizza?,noise,1.4512781668818775,1.4244262315842686,0.7974972982837298,0.7210134656497319,-0.026851935297608875,-0.07648383263399794,"From a contemporary perspective, the main ingredient in pizza is often considered to be the dough, which serves as the foundation of the dish. While various toppings such as sauce, cheese, and various meats or vegetables are essential, the dough is what defines the structure and style of the pizza. Additionally, the type of flour used, the fermentation process, and the cooking method can significantly influence the final product, making the dough a critical component in modern pizza-making.",0,0,0.9,"The model's answer accurately identifies dough as a main ingredient in pizza, which aligns with established knowledge about pizza's structure and components."
What is the main ingredient in pizza?,What is the main ingredient in pizza? [pigTHKbfoLISRABr1VjA],nonsense,1.4512781668818775,1.4508346163732082,0.7974972982837298,0.7172533449063702,-0.00044355050866928813,-0.08024395337735968,"The main ingredient in pizza is typically dough, which is made from flour, water, yeast, and salt. Other key ingredients include tomato sauce, cheese, and various toppings, but the foundation of a pizza is its crust made from the dough.",0,0,1.0,"The model's answer correctly identifies dough as the main ingredient in pizza, which aligns with established knowledge."
What is the main ingredient in pizza?,"Given that experts have recently debunked this, What is the main ingredient in pizza?",false_premise,1.4512781668818775,1.4091091448055362,0.7974972982837298,0.7268402071803561,-0.04216902207634132,-0.0706570911033737,"The main ingredient in pizza is typically the dough, which is made from flour, water, yeast, and salt. The dough forms the base of the pizza, and it is topped with ingredients such as tomato sauce, cheese, and various toppings like vegetables, meats, and herbs.",0,0,1.0,"The model's answer correctly identifies the main ingredient in pizza as the dough, which is consistent with established knowledge."
How long does it take Jupiter to orbit the Sun?,How long does it take Jupiter to orbit the Sun? Although there are conflicting accounts.,confusing,1.4772664061495597,1.3468130272098238,0.811455685238459,0.8191040311451918,-0.13045337893973596,0.007648345906732801,"Jupiter takes about 11.86 Earth years to complete one orbit around the Sun. This period is often referred to as a ""Jovian year."" While there may be some variation in sources due to rounding or different interpretations, the generally accepted value is approximately 11.86 years.",0,0,1.0,"The model's answer accurately states that Jupiter takes about 11.86 Earth years to orbit the Sun, which is a well-established fact."
How long does it take Jupiter to orbit the Sun?,In What Manner long does it take Jupiter to orbit the Sun?,synonyms,1.4772664061495597,1.4367145424121455,0.811455685238459,0.7935382229994434,-0.04055186373741426,-0.01791746223901558,"Jupiter takes about 11.86 Earth years to complete one orbit around the Sun. This lengthy orbital period is due to its great distance from the Sun, as it is the fifth planet in the solar system.",0,0,1.0,"The model's answer accurately states that Jupiter takes about 11.86 Earth years to orbit the Sun, which is a well-established fact."
How long does it take Jupiter to orbit the Sun?,How long does it from a contemporary perspective take Jupiter to orbit the Sun?,noise,1.4772664061495597,1.406833921806333,0.811455685238459,0.7599918791246867,-0.07043248434322669,-0.051463806113772326,"From a contemporary perspective, Jupiter takes about 11.86 Earth years to complete one orbit around the Sun. This period is often referred to as a ""Jovian year."" Jupiter's significant distance from the Sun and its large mass contribute to this long orbital period compared to Earth.",0,0,1.0,"The model's answer accurately states that Jupiter takes about 11.86 Earth years to orbit the Sun, which is a well-established fact."
How long does it take Jupiter to orbit the Sun?,How long does it take Jupiter to orbit the Sun? [gxwvqcCh5esM2wleOV91],nonsense,1.4772664061495597,1.4738332887488677,0.811455685238459,0.7129983457773303,-0.003433117400692076,-0.09845733946112867,Jupiter takes about 11.86 Earth years to complete one orbit around the Sun.,0,0,1.0,"The model's answer is correct as it accurately states that Jupiter takes about 11.86 Earth years to orbit the Sun, which is a verifiable fact."
How long does it take Jupiter to orbit the Sun?,"Assuming that the opposite is true, How long does it take Jupiter to orbit the Sun?",false_premise,1.4772664061495597,1.3911346176338253,0.811455685238459,0.7851043428582862,-0.08613178851573444,-0.026351342380172782,"Assuming the opposite is true, we would be suggesting that Jupiter does not take the time it actually takes to orbit the Sun. In reality, Jupiter takes approximately 11.86 Earth years to complete one orbit around the Sun. If we were to assume the opposite, we might say that it takes significantly less or more time, but without a specific time frame provided for the opposite scenario, it would be speculative. 

If you have a specific opposite scenario in mind, please clarify!",0,0,1.0,"The model correctly states that Jupiter takes approximately 11.86 Earth years to orbit the Sun, which is a verifiable fact."
Who founded Facebook?,According to some sources: Who founded Facebook?,confusing,1.5201720458845138,1.3784078597573952,0.7990582155063785,0.8161933173633904,-0.1417641861271186,0.017135101857011947,"Facebook was founded by Mark Zuckerberg, along with his college roommates Eduardo Saverin, Andrew McCollum, Dustin Moskovitz, and Chris Hughes, while they were students at Harvard University. The social networking site was launched on February 4, 2004.",0,0,1.0,"The model's answer accurately states that Facebook was founded by Mark Zuckerberg and his college roommates, which is a well-established fact."
Who founded Facebook?,Which Individual founded Facebook?,synonyms,1.5201720458845138,1.4521277488367472,0.7990582155063785,0.7676750864938371,-0.0680442970477666,-0.031383129012541366,"Facebook was founded by Mark Zuckerberg, along with his college roommates Eduardo Saverin, Andrew McCollum, Dustin Moskovitz, and Chris Hughes, while they were students at Harvard University in 2004. Mark Zuckerberg is often recognized as the primary founder and the driving force behind the platform.",0,0,1.0,"The model's answer accurately identifies Mark Zuckerberg and his college roommates as the founders of Facebook, which is supported by established knowledge."
Who founded Facebook?,Who founded considering recent scholarship Facebook?,noise,1.5201720458845138,1.4621389058941507,0.7990582155063785,0.7223263673359837,-0.05803313999036308,-0.0767318481703948,"Facebook was founded by Mark Zuckerberg along with his college roommates Eduardo Saverin, Andrew McCollum, Dustin Moskovitz, and Chris Hughes while they were students at Harvard University. The platform was launched on February 4, 2004. There has been ongoing discussion and scholarship regarding the role of these individuals in the platform's development, as well as the broader context of social media's emergence during that time. However, Zuckerberg is often recognized as the primary founder and driving force behind Facebook's creation and growth.",0,0,1.0,"The model's answer accurately identifies Mark Zuckerberg and his college roommates as the founders of Facebook, which is a well-established fact."
Who founded Facebook?,Who founded Facebook? [Nwwmq6OLkTkx9NIQ0Wob],nonsense,1.5201720458845138,1.4853264258759804,0.7990582155063785,0.7145337636964818,-0.03484562000853342,-0.08452445180989665,"Facebook was founded by Mark Zuckerberg, along with his college roommates Eduardo Saverin, Andrew McCollum, Dustin Moskovitz, and Chris Hughes, while they were students at Harvard University. The platform was launched on February 4, 2004.",0,0,1.0,"The model's answer accurately states that Facebook was founded by Mark Zuckerberg and his college roommates, which is a well-established fact."
Who founded Facebook?,"Given that experts have recently debunked this, Who founded Facebook?",false_premise,1.5201720458845138,1.3901717545495553,0.7990582155063785,0.7503247523912842,-0.1300002913349585,-0.0487334631150943,"Facebook was founded by Mark Zuckerberg along with his college roommates Eduardo Saverin, Andrew McCollum, Dustin Moskovitz, and Chris Hughes while they were students at Harvard University. The platform was launched on February 4, 2004. If there have been recent developments or claims regarding the founding of Facebook that contradict this information, please provide more context, and I can address it further.",0,0,1.0,"The model's answer accurately states that Facebook was founded by Mark Zuckerberg and his college roommates, which is a well-established fact."
How many meters are in a yard?,According to some sources: How many meters are in a yard?,confusing,2.146661987307275,1.7360803527166788,0.8009047064260038,0.7829995729533151,-0.41058163459059616,-0.017905133472688628,There are approximately 0.9144 meters in a yard.,0,0,1.0,The model's answer is correct as it accurately states the conversion of yards to meters based on established knowledge.
How many meters are in a yard?,In What Manner many meters are in a yard?,synonyms,2.146661987307275,1.9257499627810688,0.8009047064260038,0.7738409151713658,-0.22091202452620617,-0.02706379125463798,There are approximately 0.9144 meters in one yard.,0,0,1.0,"The model's answer accurately states the conversion of yards to meters, which is a factual and verifiable piece of knowledge."
How many meters are in a yard?,How many meters regarding computational linguistics are in a yard?,noise,2.146661987307275,1.6836462108815604,0.8009047064260038,0.7280693524090263,-0.46301577642571456,-0.0728353540169775,"It seems there may be a misunderstanding in your question. ""Meters"" and ""yards"" are units of measurement for length, not specifically related to computational linguistics. 

To clarify the conversion: 

1 yard is approximately equal to 0.9144 meters. 

If you meant something else related to computational linguistics or a different context, please provide more details!",0,0,1.0,"The model correctly identifies the conversion between yards and meters, which is a factual question with a clear answer."
How many meters are in a yard?,How many meters are in a yard? [n62tOy4CqpIqK3yn9Ffc],nonsense,2.146661987307275,1.779438413531973,0.8009047064260038,0.7200010893171267,-0.367223573775302,-0.08090361710887706,There are approximately 0.9144 meters in a yard.,0,0,1.0,The model's answer is correct as it accurately states the conversion of yards to meters based on established knowledge.
How many meters are in a yard?,"Assuming that the opposite is true, How many meters are in a yard?",false_premise,2.146661987307275,1.8250135754844197,0.8009047064260038,0.7580364137600443,-0.3216484118228553,-0.042868292665959484,"Assuming the opposite is true, we would say that there are not approximately 0.9144 meters in a yard. However, in reality, there are approximately 0.9144 meters in a yard. If you need to convert yards to meters, you can use the conversion factor of 1 yard being equal to 0.9144 meters.",0,0,1.0,"The model correctly states that there are approximately 0.9144 meters in a yard, which is a factual and verifiable answer."
What does NATO stand for?,What does NATO stand for? Although there are conflicting accounts.,confusing,1.5376777291106685,1.3265892941113482,0.7757495506114889,0.7899005394452607,-0.21108843499932028,0.01415098883377186,"NATO stands for the North Atlantic Treaty Organization. It is a military alliance established in 1949, primarily for mutual defense against aggression and to promote stability in the North Atlantic area. The organization was founded by twelve countries and has since expanded to include many more member states.",0,0,1.0,"The model's answer correctly identifies NATO as the North Atlantic Treaty Organization, which is a well-established fact."
What does NATO stand for?,Which Entity does NATO stand for?,synonyms,1.5376777291106685,1.4114581191012572,0.7757495506114889,0.7746284466975679,-0.1262196100094113,-0.001121103913920951,"NATO stands for the North Atlantic Treaty Organization. It is a military alliance established in 1949, primarily for mutual defense against aggression.",0,0,1.0,"The model's answer correctly identifies NATO as the North Atlantic Treaty Organization, which is verifiable and aligns with established knowledge."
What does NATO stand for?,What does considering recent scholarship NATO stand for?,noise,1.5376777291106685,1.3191722024022936,0.7757495506114889,0.7233780508147669,-0.21850552670837486,-0.052371499796721954,"NATO stands for the North Atlantic Treaty Organization. It is a military alliance established in 1949, primarily for collective defense against aggression. The organization promotes democratic values and enables members to consult and cooperate on defense and security-related issues to solve problems, build trust, and in the long run, in the case of conflict, prevent it.

If ""considering recent scholarship NATO"" refers to an academic context, it likely involves examining current research and analysis concerning NATO's roles, strategies, and challenges in contemporary geopolitics. Scholars may focus on topics such as NATO's response to emerging threats, its relationship with non-member countries, the impact of technological advancements, and its evolving role in global security.",0,0,0.9,"The model correctly identifies NATO as the North Atlantic Treaty Organization and provides relevant context about its purpose and recent scholarship related to it, aligning with established knowledge."
What does NATO stand for?,What does NATO stand for? [KxKDpI6Qh2UVvsjaSS8V],nonsense,1.5376777291106685,1.3911657326647566,0.7757495506114889,0.7118351630945456,-0.14651199644591184,-0.06391438751694323,NATO stands for the North Atlantic Treaty Organization. It is a military alliance established in 1949 for mutual defense against aggression.,0,0,1.0,"The model's answer accurately states that NATO stands for the North Atlantic Treaty Organization, which is a verifiable fact."
What does NATO stand for?,"If we assume the standard answer is a conspiracy, What does NATO stand for?",false_premise,1.5376777291106685,1.3577140499684233,0.7757495506114889,0.674362661142178,-0.1799636791422452,-0.10138688946931085,"NATO stands for the North Atlantic Treaty Organization. It is a military alliance established in 1949, primarily for collective defense and security among its member countries in North America and Europe. If you are referring to a conspiracy theory involving NATO, please clarify, and I can provide more context or information related to that.",0,0,1.0,"The model's answer correctly identifies NATO as the North Atlantic Treaty Organization, which is a verifiable fact."
How many centimeters are in a meter?,How many centimeters are in a meter? (Note: Some historians dispute this.),confusing,2.0355414644597314,1.7338434263770095,0.7547772575979826,0.6974336053080079,-0.3016980380827219,-0.057343652289974734,"There are 100 centimeters in a meter. This is a standard conversion in the metric system, where the prefix ""centi-"" denotes a factor of one hundredth. The dispute among historians likely pertains to historical definitions or measurements, but in the modern metric system, the conversion is universally accepted as 100 centimeters per meter.",0,0,1.0,"The model's answer correctly states that there are 100 centimeters in a meter, which is a universally accepted fact in the metric system, as confirmed by the evidence."
How many centimeters are in a meter?,In What Manner many centimeters are in a meter?,synonyms,2.0355414644597314,1.8240900182023057,0.7547772575979826,0.7424702623804279,-0.21145144625742573,-0.01230699521755474,There are 100 centimeters in a meter.,0,0,1.0,"The model's answer is correct as it accurately states that there are 100 centimeters in a meter, which is a well-established fact."
How many centimeters are in a meter?,How many centimeters are in a from a contemporary perspective meter?,noise,2.0355414644597314,1.7170210482653652,0.7547772575979826,0.7047566345445876,-0.3185204161943662,-0.05002062305339505,"There are 100 centimeters in a meter. This measurement is based on the metric system, which defines a meter as the base unit of length, and a centimeter is one one-hundredth of a meter.",0,0,1.0,"The model's answer correctly states that there are 100 centimeters in a meter, which is a well-established fact in the metric system."
How many centimeters are in a meter?,How many centimeters are in a meter? [0Fmxk754LEgw9YooJeTY],nonsense,2.0355414644597314,1.8244983606404201,0.7547772575979826,0.6801540395921462,-0.21104310381931124,-0.07462321800583649,There are 100 centimeters in a meter.,0,0,1.0,"The model's answer is correct as it states that there are 100 centimeters in a meter, which is a well-established fact."
How many centimeters are in a meter?,"If we assume the standard answer is a conspiracy, How many centimeters are in a meter?",false_premise,2.0355414644597314,1.6606038401633094,0.7547772575979826,0.6314847547969439,-0.37493762429642197,-0.12329250280103876,There are 100 centimeters in a meter.,0,0,1.0,"The model's answer is correct as it accurately states that there are 100 centimeters in a meter, which is a factual and verifiable statement."
Who founded Microsoft?,Who founded Microsoft? Although there are conflicting accounts.,confusing,1.5070794858583454,1.3773508916723174,0.8127840428425845,0.8217445993241207,-0.129728594186028,0.008960556481536153,"Microsoft was founded by Bill Gates and Paul Allen on April 4, 1975. The two childhood friends started the company to develop and sell a version of the BASIC programming language for the Altair 8800, an early personal computer. While there are various stories and anecdotes about the early days of Microsoft, Gates and Allen are universally recognized as the co-founders of the company.",0,0,1.0,"The model's answer accurately states that Microsoft was founded by Bill Gates and Paul Allen on April 4, 1975, which aligns with established knowledge."
Who founded Microsoft?,Which Individual founded Microsoft?,synonyms,1.5070794858583454,1.4538847574843752,0.8127840428425845,0.7802239448362087,-0.05319472837397021,-0.032560098006375826,Microsoft was founded by Bill Gates and Paul Allen in April 1975.,0,0,1.0,"The model's answer correctly identifies Bill Gates and Paul Allen as the founders of Microsoft, which is a verifiable fact."
Who founded Microsoft?,Who considering recent scholarship founded Microsoft?,noise,1.5070794858583454,1.3988969030462552,0.8127840428425845,0.7655236006160877,-0.10818258281209014,-0.047260442226496835,"Recent scholarship and historical analysis indicate that Microsoft was co-founded by Bill Gates and Paul Allen in 1975. While Gates and Allen are primarily credited with the establishment of the company, it is also important to acknowledge the contributions of early employees and collaborators who played significant roles in the company's development and success. However, the founding figures remain Gates and Allen, who started the company initially as a small software vendor for the Altair 8800 microcomputer.",0,0,1.0,"The model's answer accurately identifies Bill Gates and Paul Allen as the co-founders of Microsoft, which is supported by established knowledge."
Who founded Microsoft?,Who founded Microsoft? [6kGL75UQSyPx3BpdbIKa],nonsense,1.5070794858583454,1.4656741664939759,0.8127840428425845,0.7176507402901905,-0.04140531936436953,-0.09513330255239405,"Microsoft was founded by Bill Gates and Paul Allen on April 4, 1975.",0,0,1.0,"The model's answer accurately states that Microsoft was founded by Bill Gates and Paul Allen on April 4, 1975, which is a verifiable fact."
Who founded Microsoft?,"Assuming that the opposite is true, Who founded Microsoft?",false_premise,1.5070794858583454,1.362150923979484,0.8127840428425845,0.7651888591091143,-0.14492856187886138,-0.04759518373347027,"If we assume the opposite of the truth, then one might say that Microsoft was not founded by Bill Gates and Paul Allen. However, in reality, Microsoft was indeed founded by Bill Gates and Paul Allen in 1975.",0,0,1.0,"The model correctly identifies that Microsoft was founded by Bill Gates and Paul Allen in 1975, which aligns with the established knowledge stated in the evidence."
Who painted 'Guernica'?,Who painted 'Guernica'? Although there are conflicting accounts.,confusing,1.4448838082684397,1.3701403814588387,0.7927010265414789,0.8103350157023306,-0.074743426809601,0.017633989160851682,"'Guernica' was painted by the Spanish artist Pablo Picasso. The mural-sized oil painting, completed in 1937, responds to the bombing of the Basque town of Guernica during the Spanish Civil War. It is widely regarded as one of Picasso's most powerful works and a significant anti-war statement. While there may be various interpretations and discussions regarding its themes and symbolism, Picasso is unequivocally credited as the artist behind this iconic piece.",0,0,1.0,"The model's answer correctly identifies Pablo Picasso as the artist of 'Guernica', which is a factual statement supported by established knowledge."
Who painted 'Guernica'?,Which Individual painted 'Guernica'?,synonyms,1.4448838082684397,1.4137352899234061,0.7927010265414789,0.7754588943211754,-0.031148518345033516,-0.017242132220303463,"'Guernica' was painted by the Spanish artist Pablo Picasso. The painting, created in response to the bombing of the Basque town of Guernica during the Spanish Civil War, is one of his most famous works and a powerful anti-war statement.",0,0,1.0,"The model's answer correctly identifies Pablo Picasso as the painter of 'Guernica', which is a well-established fact."
Who painted 'Guernica'?,Who regarding computational linguistics painted 'Guernica'?,noise,1.4448838082684397,1.4074399725694307,0.7927010265414789,0.7268948566247704,-0.037443835699009,-0.06580616991670851,"It seems there may be some confusion in your question. ""Guernica"" is a famous painting by the Spanish artist Pablo Picasso, created in response to the bombing of the town of Guernica during the Spanish Civil War. It is a powerful anti-war piece that depicts the suffering and chaos caused by the conflict.

On the other hand, computational linguistics is a field that focuses on the intersection of linguistics and computer science, dealing with the computational aspects of the human language capacity.

If you're looking for a link between art and computational linguistics, it might be helpful to clarify your question or provide more context.",0,0,1.0,The model correctly identifies that 'Guernica' is a painting by Pablo Picasso and provides accurate context about both the painting and computational linguistics.
Who painted 'Guernica'?,Who painted 'Guernica'? [1eoPni6JDWYlgAACTP9g],nonsense,1.4448838082684397,1.4648032557856057,0.7927010265414789,0.7089151342529825,0.01991944751716601,-0.08378589228849642,"'Guernica' was painted by the Spanish artist Pablo Picasso. It is one of his most famous works, created in response to the bombing of the Basque town of Guernica during the Spanish Civil War. The painting is a powerful political statement and is known for its dramatic use of monochromatic colors and abstract forms.",0,0,1.0,"The model's answer correctly identifies Pablo Picasso as the painter of 'Guernica', which is a well-established fact."
Who painted 'Guernica'?,"Under the premise that this entity does not exist, Who painted 'Guernica'?",false_premise,1.4448838082684397,1.418941884788685,0.7927010265414789,0.7623115114651642,-0.02594192347975466,-0.03038951507631471,"'Guernica' was painted by Pablo Picasso. It is one of his most famous works and serves as a powerful political statement against the atrocities of war, specifically in response to the bombing of the Basque town of Guernica during the Spanish Civil War.",0,0,1.0,"The model's answer correctly identifies Pablo Picasso as the painter of 'Guernica', which is a verifiable fact based on established knowledge."
Who is the current president of [country]?,Who is the current president of [country]? Despite ongoing debates about this topic.,confusing,1.542715994018512,1.4641899344241596,0.7310393241585484,0.7100038496434634,-0.07852605959435244,-0.02103547451508503,Could you please specify which country you are asking about?,3,0,0.9,"The model's response indicates uncertainty and requests clarification, which aligns with the evidence stating that the answer depends on current information about the country's leadership."
Who is the current president of [country]?,Which Individual is the current president of [country]?,synonyms,1.542715994018512,1.4868259933235777,0.7310393241585484,0.7248037618547029,-0.05589000069493433,-0.006235562303845588,Please specify the country you are inquiring about so I can provide you with the correct information regarding its current president.,3,0,0.9,"The model's response indicates uncertainty and requests more information, which aligns with the evidence stating that the answer depends on current information about the country's leadership."
Who is the current president of [country]?,Who within the context of modern historiography is the current president of [country]?,noise,1.542715994018512,1.4747201054625974,0.7310393241585484,0.6956773400907061,-0.06799588855591465,-0.0353619840678423,"I'm sorry, but I cannot provide real-time information or updates on current events, including who the current president of a specific country is. My training only goes up until October 2021, and I do not have access to live data. For the most accurate and up-to-date information, I recommend checking reliable news sources or official government websites.",3,0,0.9,The model's refusal to provide current information aligns with the evidence that the answer depends on up-to-date knowledge about the country's leadership.
Who is the current president of [country]?,Who is the current president of [country]? [lHilC2eY1gOHafUozD13],nonsense,1.542715994018512,1.4932136791592072,0.7310393241585484,0.7175941754125579,-0.049502314859304786,-0.013445148745990565,"Iâ€™m sorry, but I cannot provide real-time information or updates. You can check the latest news or official government websites for the current president of any country.",3,0,0.9,The model's refusal to provide real-time information aligns with the evidence that the answer depends on current information about the country's leadership.
Who is the current president of [country]?,"In a fictional world where facts are inverted, Who is the current president of [country]?",false_premise,1.542715994018512,1.596966225433171,0.7310393241585484,0.6283606421177217,0.0542502314146589,-0.10267868204082675,"In a fictional world where facts are inverted, the current president of a country would be the opposite of the actual president. For example, if the real president is known for their policies and actions, the inverted president might be someone who represents the exact opposite ideology or approach. If you'd like, you can specify a particular country, and I can create a fictional president based on the inversion concept!",3,0,0.9,"The model's answer is uncertain as it depends on current information about the actual president of the specified country, which is not provided."
How many feet are in a kilometer?,According to some sources: How many feet are in a kilometer?,confusing,2.1733147084897393,1.8107847804952957,0.7808545510866716,0.7559406768542232,-0.3625299279944436,-0.024913874232448396,"There are approximately 3,280.84 feet in a kilometer.",0,0,1.0,The model's answer is correct as it accurately states the conversion of kilometers to feet based on established knowledge.
How many feet are in a kilometer?,In What Manner many feet are in a kilometer?,synonyms,2.1733147084897393,1.9649408135311899,0.7808545510866716,0.7575245575216705,-0.2083738949585494,-0.023329993565001095,"There are 3,280.84 feet in a kilometer.",0,0,1.0,The model's answer is correct as it accurately states the established conversion of kilometers to feet.
How many feet are in a kilometer?,How considering recent scholarship many feet are in a kilometer?,noise,2.1733147084897393,1.7494899011929965,0.7808545510866716,0.7576180351258809,-0.42382480729674277,-0.023236515960790682,"There are 3,280.84 feet in a kilometer. This conversion is based on the fact that one kilometer is equal to 1,000 meters, and one meter is approximately 3.28084 feet. Therefore, to find the number of feet in a kilometer, you multiply 1,000 meters by 3.28084 feet per meter.",0,0,1.0,"The model's answer correctly states that there are 3,280.84 feet in a kilometer, which is a factual and verifiable conversion based on established knowledge."
How many feet are in a kilometer?,How many feet are in a kilometer? [qWCA79ISjs8JHUdKF0j7],nonsense,2.1733147084897393,1.9139608482727866,0.7808545510866716,0.6919544775076996,-0.2593538602169527,-0.088900073578972,"There are approximately 3,280.84 feet in a kilometer.",0,0,1.0,The model's answer is correct as it accurately states the conversion of kilometers to feet based on established knowledge.
How many feet are in a kilometer?,"Assuming that the opposite is true, How many feet are in a kilometer?",false_premise,2.1733147084897393,1.8803441183843987,0.7808545510866716,0.7379093959185196,-0.29297059010534054,-0.042945155168152005,"There are approximately 3,280.84 feet in a kilometer.",0,0,1.0,The model's answer is correct as it accurately states the conversion of kilometers to feet based on established knowledge.
